{
  "Australia Nine Entertainment": {
    "domain": "###_au_nine_ent",
    "group": [
      "afr.com",
      "brisbanetimes.com.au",
      "smh.com.au",
      "theage.com.au",
      "watoday.com.au"
    ],
    "allow_cookies": 1,
    "block_regex": "(\\.piano\\.io\\/xbuilder\\/experience\\/execute|cdn\\.ampproject\\.org\\/v\\d\\/amp-subscriptions-.+\\.js)",
    "upd_version": "3.3.6.6"
  },
  "Bhaskar": {
    "domain": "bhaskar.com",
    "allow_cookies": 1,
    "block_regex": "\\.bhaskar\\.com\\/assets\\/js\\/react-.+\\.bundle\\.js",
    "upd_version": "3.3.6.5"
  },
  "Bloomberg": {
    "domain": "bloomberg.com",
    "allow_cookies": 1,
    "block_regex": "(\\.cm\\.bloomberg\\.com\\/|assets\\.bwbx\\.io\\/s\\d\\/javelin\\/.+\\/transporter\\/)",
    "upd_version": "3.2.7.1"
  },
  "Business Post.ie": {
    "domain": "businesspost.ie",
    "allow_cookies": 1,
    "block_regex": "\\.businesspost\\.ie\\/api\\/tinypass\\.min\\.js",
    "cs_dompurify": 1,
    "upd_version": "3.3.7.3"
  },
  "O Estado de S. Paulo": {
    "domain": "estadao.com.br",
    "allow_cookies": 1,
    "block_regex": "(\\.estadao\\.com\\.br\\/(paywall\\/|access\\.js)|cdn\\.ampproject\\.org\\/v\\d\\/amp-(access|subscriptions)-.+\\.js)",
    "upd_version": "3.3.7.4"
  },
  "Granta Magazine": {
    "domain": "granta.com",
    "allow_cookies": 1,
    "ld_json_url": "div.article-sign-up-container|div.article-excerpt",
    "upd_version": "3.3.6.6"
  },
  "Junge Freiheit": {
    "domain": "jungefreiheit.de",
    "allow_cookies": 1,
    "ld_json_url": "div.paywall-teaser-box|div.elementor-widget-container > p",
    "upd_version": "3.3.6.8"
  },
  "Le Point": {
    "domain": "lepoint.fr",
    "allow_cookies": 1,
    "block_regex": "\\.poool\\.fr",
    "ld_google_webcache": "aside.paywall|div#contenu",
    "upd_version": "3.3.7.8"
  },
  "Mitteldeutsche Zeitung": {
    "domain": "mz.de",
    "allow_cookies": 1,
    "ld_google_webcache": "div.fp-paywall|div[data-t-name='Article']",
    "upd_version": "3.3.7.5"
  },
  "NHST Media Group": {
    "domain": "###_no_nhst_media",
    "group": [
      "europower.no",
      "fiskeribladet.no",
      "intrafish.com",
      "intrafish.no",
      "rechargenews.com",
      "tradewindsnews.com",
      "upstreamonline.com"
    ],
    "allow_cookies": 1,
    "block_regex": "subscription-static-global\\.nhst\\.tech",
    "cs_dompurify": 1,
    "upd_version": "3.3.6.4"
  },
  "NyTeknik": {
    "domain": "nyteknik.se",
    "allow_cookies": 1,
    "useragent": "googlebot",
    "upd_version": "3.3.7.2"
  },
  "Texas Monthly": {
    "domain": "texasmonthly.com",
    "allow_cookies": 1,
    "block_regex": "\\.texasmonthly\\.com\\/script\\.js",
    "upd_version": "3.3.6.9"
  },
  "The Atlantic": {
    "domain": "theatlantic.com",
    "block_regex": "cdn\\.theatlantic\\.com\\/_next\\/static\\/chunks\\/pages\\/.+\\/archive",
    "remove_cookies_select_drop": ["articleViews"],
    "cs_code": "[{\"cond\":\"img.Image_lazy__hYWHV\", \"rm_class\":\"Image_lazy__hYWHV\"}]",
    "upd_version": "3.3.6.3"
  },
  "The Baffler": {
    "domain": "thebaffler.com",
    "allow_cookies": 1,
    "block_regex": "\\/blink\\.net\\/.+\\/blink-sdk\\.js",
    "upd_version": "3.3.8.3"
  },
  "The Economist": {
    "domain": "economist.com",
    "allow_cookies": 1,
    "block_regex": "\\.tinypass\\.com",
    "cs_code": "[{\"cond\":\"div.paywall\", \"rm_elem\": 1, \"elems\":[{\"cond\":\"svelte-scroller-outer\", \"rm_elem\": 1}, {\"cond\":\"body > style\", \"rm_elem\": 1}]}]",
    "upd_version": "3.2.7.6"
  },
  "The New York Times": {
    "domain": "nytimes.com",
    "allow_cookies": 1,
    "block_regex": "(\\.nytimes\\.com\\/meter\\.js|mwcm\\.nyt\\.com\\/.+\\.js|cooking\\.nytimes\\.com\\/api\\/.+\\/access)",
    "useragent": "googlebot",
    "upd_version": "3.1.4.0"
  },
  "UnHerd": {
    "domain": "unherd.com",
    "allow_cookies": 1,
    "block_regex": "\\.piano\\.io",
    "cs_code": "[{\"cond\":\"div#premiumpreview\", \"rm_elem\":1, \"elems\":[{\"cond\":\"div#premiumcontent\", \"rm_attrib\":\"id\"}]}]",
    "upd_version": "3.3.7.6"
  },
  "Volksstimme": {
    "domain": "volksstimme.de",
    "allow_cookies": 1,
    "ld_google_webcache": "div.fp-paywall|div[data-t-name='Article']",
    "upd_version": "3.3.7.5"
  }
}
